Workbook

Sheet Base
A1: DATE | B1: RETURNS_APPLE | C1: RV_APPLE
A2: 37623 | B2: =_xlfn.XLOOKUP(A2, Dados!$C:$C, Dados!$D:$D, "") -> 3.2798344 | C2: 8.3081986
A3: 37624 | B3: =_xlfn.XLOOKUP(A3, Dados!$C:$C, Dados!$D:$D, "") -> 0.6756718 | C3: 6.5681596
A4: 37627 | B4: =_xlfn.XLOOKUP(A4, Dados!$C:$C, Dados!$D:$D, "") -> 0 | C4: 7.3444175
A5: 37628 | B5: =_xlfn.XLOOKUP(A5, Dados!$C:$C, Dados!$D:$D, "") -> -0.33556536 | C5: 10.013332
A6: 37629 | B6: =_xlfn.XLOOKUP(A6, Dados!$C:$C, Dados!$D:$D, "") -> -2.0202033 | C6: 6.0982123
A7: 37630 | B7: =_xlfn.XLOOKUP(A7, Dados!$C:$C, Dados!$D:$D, "") -> 0.89347157 | C7: 5.5478247
A8: 37631 | B8: =_xlfn.XLOOKUP(A8, Dados!$C:$C, Dados!$D:$D, "") -> 0.2724793 | C8: 7.4339731
A9: 37634 | B9: =_xlfn.XLOOKUP(A9, Dados!$C:$C, Dados!$D:$D, "") -> -0.61141407 | C9: 6.9825713
A10: 37635 | B10: =_xlfn.XLOOKUP(A10, Dados!$C:$C, Dados!$D:$D, "") -> -0.13670853 | C10: 5.025234
A11: 37636 | B11: =_xlfn.XLOOKUP(A11, Dados!$C:$C, Dados!$D:$D, "") -> -1.2320284 | C11: 5.5881082
A12: 37637 | B12: =_xlfn.XLOOKUP(A12, Dados!$C:$C, Dados!$D:$D, "") -> 1.3166984 | C12: 7.5931401
A13: 37638 | B13: =_xlfn.XLOOKUP(A13, Dados!$C:$C, Dados!$D:$D, "") -> -3.5567682 | C13: 5.6256218
... A5347: 45379 | B5347: =_xlfn.XLOOKUP(A5347, Dados!$C:$C, Dados!$D:$D, "") -> -1.0559114 | C5347: 0.67643184

Sheet Dados
A1: RV_DATE | B1: RV_APPLE | C1: RETURNS_DATE | D1: RETURNS_APPLE
A2: 02-Jan-2003 | B2: 8.3081986 | C2: 34470 | D2: -
A3: 03-Jan-2003 | B3: 6.5681596 | C3: 34471 | D3: -
A4: 06-Jan-2003 | B4: 7.3444175 | C4: 34472 | D4: -
A5: 07-Jan-2003 | B5: 10.013332 | C5: 34473 | D5: -
A6: 08-Jan-2003 | B6: 6.0982123 | C6: 34474 | D6: -
A7: 09-Jan-2003 | B7: 5.5478247 | C7: 34477 | D7: -
A8: 10-Jan-2003 | B8: 7.4339731 | C8: 34478 | D8: -
A9: 13-Jan-2003 | B9: 6.9825713 | C9: 34479 | D9: -
A10: 14-Jan-2003 | B10: 5.025234 | C10: 34480 | D10: -
A11: 15-Jan-2003 | B11: 5.5881082 | C11: 34481 | D11: -
A12: 16-Jan-2003 | B12: 7.5931401 | C12: 34484 | D12: -
A13: 17-Jan-2003 | B13: 5.6256218 | C13: 34485 | D13: -
... A427: 10-Sep-2004 | B427: 3.5706104 | C427: 35065 | D427: -
A428: 13-Sep-2004 | B428: 2.7631227 | C428: 35066 | D428: 0.78431373
A429: 14-Sep-2004 | B429: 3.1730312 | C429: 35067 | D429: 0
A430: 15-Sep-2004 | B430: 2.5983319 | C430: 35068 | D430: -1.7509728
A431: 16-Sep-2004 | B431: 4.7489612 | C431: 35069 | D431: 8.5148515
A432: 17-Sep-2004 | B432: 3.3207761 | C432: 35072 | D432: 1.0948905
A433: 20-Sep-2004 | B433: 2.4761915 | C433: 35073 | D433: -5.4151625
A434: 21-Sep-2004 | B434: 3.5536363 | C434: 35074 | D434: 4.5801527
A435: 22-Sep-2004 | B435: 3.2328899 | C435: 35075 | D435: 2.189781
A436: 23-Sep-2004 | B436: 2.4836025 | C436: 35076 | D436: -3.2142857
A437: 24-Sep-2004 | B437: 4.2788252 | C437: 35079 | D437: 0.73800738
A438: 27-Sep-2004 | B438: 3.2912455 | C438: 35080 | D438: 1.2820513
A439: 28-Sep-2004 | B439: 2.5506375 | C439: 35081 | D439: -1.6274864
... A461: 28-Oct-2004 | B461: 3.6831329 | C461: 35111 | D461: -1.7857143
A462: 29-Oct-2004 | B462: 3.5273043 | C462: 35114 | D462: -
A463: 01-Nov-2004 | B463: 4.1352684 | C463: 35115 | D463: 5.4545455
A464: 02-Nov-2004 | B464: 2.7157207 | C464: 35116 | D464: 2.1551724
A465: 03-Nov-2004 | B465: 4.434259 | C465: 35117 | D465: 0.84388186
A466: 04-Nov-2004 | B466: 4.8305706 | C466: 35118 | D466: 0
A467: 05-Nov-2004 | B467: 7.7895509 | C467: 35121 | D467: -1.2552301
A468: 08-Nov-2004 | B468: 4.320591 | C468: 35122 | D468: -2.9661017
A469: 09-Nov-2004 | B469: 3.0371 | C469: 35123 | D469: -3.0567686
A470: 10-Nov-2004 | B470: 3.2207229 | C470: 35124 | D470: -0.9009009
A471: 11-Nov-2004 | B471: 3.3398079 | C471: 35125 | D471: -2.2727273
A472: 12-Nov-2004 | B472: 2.4612291 | C472: 35128 | D472: -2.3255814
A473: 15-Nov-2004 | B473: 2.5134873 | C473: 35129 | D473: 1.4285714
A474: 16-Nov-2004 | B474: 1.5567891 | C474: 35130 | D474: -1.6431925
... A495: 16-Dec-2004 | B495: 4.5356643 | C495: 35159 | D495: -1.7811705
A496: 17-Dec-2004 | B496: 2.1974758 | C496: 35160 | D496: -
A497: 20-Dec-2004 | B497: 6.5162887 | C497: 35163 | D497: 1.0362694
A498: 21-Dec-2004 | B498: 6.3043729 | C498: 35164 | D498: 6.6666667
A499: 22-Dec-2004 | B499: 3.4677377 | C499: 35165 | D499: 0
A500: 23-Dec-2004 | B500: 1.525992 | C500: 35166 | D500: -0.96153846
A501: 27-Dec-2004 | B501: 3.3475292 | C501: 35167 | D501: -0.97087379
A502: 28-Dec-2004 | B502: 2.4062689 | C502: 35170 | D502: 0.98039216
A503: 29-Dec-2004 | B503: 2.6510108 | C503: 35171 | D503: 0.48543689
A504: 30-Dec-2004 | B504: 1.1862031 | C504: 35172 | D504: -2.4154589
A505: 31-Dec-2004 | B505: 1.2016527 | C505: 35173 | D505: -1.980198
A506: 03-Jan-2005 | B506: 5.768304 | C506: 35174 | D506: 1.2626263
A507: 04-Jan-2005 | B507: 5.8555041 | C507: 35177 | D507: 0.24937656
A508: 05-Jan-2005 | B508: 3.6748757 | C508: 35178 | D508: -1.4925373
... A531: 08-Feb-2005 | B531: 2.3802303 | C531: 35209 | D531: 1.9047619
A532: 09-Feb-2005 | B532: 6.3617363 | C532: 35212 | D532: -
A533: 10-Feb-2005 | B533: 6.9537381 | C533: 35213 | D533: -1.4018692
A534: 11-Feb-2005 | B534: 3.7949448 | C534: 35214 | D534: -5.6872038
A535: 14-Feb-2005 | B535: 2.2525542 | C535: 35215 | D535: 2.5125628
A536: 15-Feb-2005 | B536: 5.0748475 | C536: 35216 | D536: 2.4509804
A537: 16-Feb-2005 | B537: 4.3543343 | C537: 35219 | D537: -5.2631579
A538: 17-Feb-2005 | B538: 4.5287892 | C538: 35220 | D538: -2.2727273
A539: 18-Feb-2005 | B539: 2.6649787 | C539: 35221 | D539: 3.875969
A540: 22-Feb-2005 | B540: 4.9858454 | C540: 35222 | D540: -3.4825871
A541: 23-Feb-2005 | B541: 3.5334534 | C541: 35223 | D541: 0.51546392
A542: 24-Feb-2005 | B542: 4.200395 | C542: 35226 | D542: -1.025641
A543: 25-Feb-2005 | B543: 2.4437061 | C543: 35227 | D543: -0.51813471
A544: 28-Feb-2005 | B544: 7.1163835 | C544: 35228 | D544: 1.0416667
... A559: 21-Mar-2005 | B559: 2.7372907 | C559: 35249 | D559: -7.7380952
A560: 22-Mar-2005 | B560: 4.5800105 | C560: 35250 | D560: -
A561: 23-Mar-2005 | B561: 5.5398377 | C561: 35251 | D561: 0.64516129
A562: 24-Mar-2005 | B562: 2.5922789 | C562: 35254 | D562: -1.9230769
A563: 28-Mar-2005 | B563: 2.0983668 | C563: 35255 | D563: -0.65359477
A564: 29-Mar-2005 | B564: 3.5950276 | C564: 35256 | D564: -1.3157895
A565: 30-Mar-2005 | B565: 2.4567215 | C565: 35257 | D565: -4.6666667
A566: 31-Mar-2005 | B566: 2.9915999 | C566: 35258 | D566: 1.048951
A567: 01-Apr-2005 | B567: 5.586086 | C567: 35261 | D567: -4.8442907
A568: 04-Apr-2005 | B568: 5.9392936 | C568: 35262 | D568: -1.8181818
A569: 05-Apr-2005 | B569: 3.2429434 | C569: 35263 | D569: 0
A570: 06-Apr-2005 | B570: 2.255734 | C570: 35264 | D570: 23.703704
A571: 07-Apr-2005 | B571: 2.1601121 | C571: 35265 | D571: -0.5988024
A572: 08-Apr-2005 | B572: 2.8216653 | C572: 35268 | D572: -2.4096386
... A601: 19-May-2005 | B601: 4.9766633 | C601: 35307 | D601: -1.0204082
A602: 20-May-2005 | B602: 1.8681657 | C602: 35310 | D602: -
A603: 23-May-2005 | B603: 5.152496 | C603: 35311 | D603: -0.51546392
A604: 24-May-2005 | B604: 4.0871804 | C604: 35312 | D604: 0
A605: 25-May-2005 | B605: 1.9155412 | C605: 35313 | D605: -5.1813472
A606: 26-May-2005 | B606: 2.7200723 | C606: 35314 | D606: 0.54644809
A607: 27-May-2005 | B607: 1.5370246 | C607: 35317 | D607: -4.3478261
A608: 31-May-2005 | B608: 2.0878782 | C608: 35318 | D608: -2.2727273
A609: 01-Jun-2005 | B609: 2.5181196 | C609: 35319 | D609: -1.744186
A610: 02-Jun-2005 | B610: 2.6842029 | C610: 35320 | D610: -3.5502959
A611: 03-Jun-2005 | B611: 3.7994485 | C611: 35321 | D611: 3.0674847
A612: 06-Jun-2005 | B612: 5.3484196 | C612: 35324 | D612: 6.547619
A613: 07-Jun-2005 | B613: 5.3021003 | C613: 35325 | D613: 2.7932961
A614: 08-Jun-2005 | B614: 2.3213873 | C614: 35326 | D614: 2.173913
... A664: 18-Aug-2005 | B664: 3.3864004 | C664: 35396 | D664: 1.0309278
A665: 19-Aug-2005 | B665: 2.2096688 | C665: 35397 | D665: -
A666: 22-Aug-2005 | B666: 2.765296 | C666: 35398 | D666: -1.5306122
A667: 23-Aug-2005 | B667: 1.8402732 | C667: 35401 | D667: 4.1450777
...
